count,length_mean,length_sd,length_min,length_max,weight_mean,weight_sd,weight_min,weight_max
99,370.90909090909093,24.716387569206855,310,435,601.7702702702703,118.49542471917643,321,849
